title,views
NO MID-MAN (Official Video) Navaan Sandhu || Husky Music || New Punjabi Song 2025,135564
The Paper | Official Trailer | Peacock Original,1116499
Who killed masculinity in videogames?,551004
NO MIDMAN,222893
NHL 26 Official Reveal Trailer,194626
I Explored Beyond the Minecraft Void,719333
ONE THOUSAND MILES (Official Video): Yo Yo Honey Singh | Mandy Takhar | Desi Kalakaar |Bhushan Kumar,11313912
Phaphey Kuttniyan (Movie Trailer) | Neeru Bajwa | Tania | New Punjabi Movie 2025 | Speed Records,327335
"HOW TO GET AMAZING REWARDS, INCLUDING 1 GEM!",10241937
Ed Sheeran - A Little More (Official Music Video),1443921
